{
  "$schema": "./gen/schemas/desktop-schema.json",
  "productName": "The Hard Drive",
  "version": "0.1.0",
  "identifier": "com.theharddrive.desktop",
  "build": {
    "frontendDist": "../dist",
    "devUrl": "http://localhost:1420"
  },
  "app": {
    "windows": [
      {
        "title": "The Hard Drive",
        "label": "main",
        "width": 1200,
        "height": 800,
        "resizable": true
      }
    ],
    "security": {
      "capabilities": [
        "main-capability"
      ]
    }
  },
  "bundle": {
    "active": true,
    "targets": [
      "msi"
    ],
    "icon": []
  },
  "package": {
    "productName": "BrickedUp Save Studio",
    "version": "1.0.0"
  },
  "tauri": {
    "bundle": {
      "identifier": "com.brickednloaded.brickedup-save-studio"
    },
    "windows": [
      {
        "title": "BrickedUp Save Studio"
      }
    ]
  }
}